RMSE,MAE,MAPE
1839.4583680156927,773.335252869804,146.88368484648225
